City_ID,City,Lat,Lng,Max Temp,Humidity,Cloudiness,Wind Speed,Country,Date
0,port-aux-francais,-49.35,70.2167,5.55,67,23,10.87,TF,1682664050
1,giovinazzo,41.1864,16.6674,17.95,56,0,1.54,IT,1682664051
2,tofol,5.3248,163.0078,25.88,89,100,1.54,FM,1682664051
3,puerto natales,-51.7236,-72.4875,4.12,96,100,0.53,CL,1682664051
4,karratha,-20.7377,116.8463,32.24,31,100,4.54,AU,1682664053
5,vanimo,-2.6741,141.3028,28.52,78,86,2.08,PG,1682664053
6,albany,42.6001,-73.9662,7.07,88,67,0.43,US,1682664053
7,port mathurin,-19.6833,63.4167,26.17,80,22,7.52,MU,1682664053
8,grytviken,-54.2811,-36.5092,1.05,81,29,3.61,GS,1682664054
9,hawaiian paradise park,19.5933,-154.9731,23.73,91,100,2.06,US,1682664054
10,waitangi,-43.9535,-176.5597,12.12,88,100,7.42,NZ,1682664054
11,ushuaia,-54.8,-68.3,1.81,80,20,3.09,AR,1682664055
12,georgetown,5.4112,100.3354,31.97,70,20,4.63,MY,1682664055
13,adamstown,-25.066,-130.1015,23.88,69,7,4.32,PN,1682664055
14,coachella,33.6803,-116.1739,29.02,26,0,6.69,US,1682664055
15,okahandja,-21.9833,16.9167,23.46,42,26,0.89,NA,1682664056
16,bilibino,68.0546,166.4372,-6.09,83,10,1.75,RU,1682664056
17,udachny,66.4167,112.4,-0.01,92,100,4.51,RU,1682664056
18,garhi khairo,28.0606,67.9803,34.92,23,82,0.84,PK,1682664056
19,west island,-12.1568,96.8225,27.99,89,75,6.17,CC,1682664057
20,lebu,-37.6167,-73.65,15.1,76,100,9.46,CL,1682664057
21,ribeira grande,38.5167,-28.7,16.54,72,75,9.39,PT,1682664057
22,morondava,-20.2833,44.2833,27.75,53,0,1.95,MG,1682664057
23,fortaleza,-3.7227,-38.5247,24.07,94,0,1.03,BR,1682664001
24,tiksi,71.6872,128.8694,-3.16,82,100,1.62,RU,1682664058
25,brak,27.5496,14.2714,24.23,30,0,5.96,LY,1682664058
26,avarua,-21.2078,-159.775,23.03,73,75,3.09,CK,1682664058
27,port lincoln,-34.7333,135.8667,14.17,66,99,6.41,AU,1682664058
28,port shepstone,-30.7414,30.455,23.22,72,71,1.87,ZA,1682664059
29,badger,64.8,-147.5333,3.93,52,75,0.0,US,1682664059
30,laminusa,5.5549,120.9136,28.8,68,100,1.19,PH,1682664059
31,batu gajah,4.4692,101.0411,33.86,66,40,1.03,MY,1682664059
32,aykhal,66.0,111.5,-0.54,95,100,4.56,RU,1682664060
33,yellowknife,62.456,-114.3525,3.29,81,40,1.54,CA,1682664010
34,san antonio,29.4241,-98.4936,20.65,81,0,2.57,US,1682663931
35,port elizabeth,-33.918,25.5701,20.17,83,40,2.06,ZA,1682664060
36,kendari,-3.945,122.4989,29.94,66,75,2.8,ID,1682664060
37,cedeira,43.6797,-8.0209,13.87,87,100,2.79,ES,1682664061
38,baud,20.8333,84.3167,38.81,18,89,2.32,IN,1682664061
39,bethel,41.3712,-73.414,7.93,87,100,1.54,US,1682664061
40,ilulissat,69.2167,-51.1,-1.99,69,14,1.54,GL,1682664063
41,blackmans bay,-43.0167,147.3167,14.07,61,100,5.24,AU,1682664063
42,alesund,62.4723,6.1549,4.63,69,0,5.14,NO,1682663819
43,sosnovo-ozerskoye,52.5249,111.5418,6.66,40,99,4.42,RU,1682664064
44,anadyr,64.75,177.4833,-7.72,79,0,6.0,RU,1682664064
45,abadeh,31.1608,52.6506,16.35,37,20,1.47,IR,1682664064
46,san jose del guaviare,2.5729,-72.6459,22.08,98,100,0.7,CO,1682664065
47,kodiak,57.79,-152.4072,2.73,81,0,3.6,US,1682663954
48,petropavlovsk-kamchatsky,53.0452,158.6483,3.33,45,75,7.0,RU,1682664066
49,launceston,-41.45,147.1667,14.8,56,75,7.72,AU,1682664066
50,vorgashor,67.5833,63.95,-5.38,88,100,7.11,RU,1682664067
51,college,64.8569,-147.8028,3.97,52,75,0.0,US,1682664067
52,mata-utu,-13.2816,-176.1745,28.57,74,27,5.01,WF,1682664067
53,afaahiti,-17.75,-149.2833,25.93,79,85,3.74,PF,1682664068
54,fada,9.5667,8.3,23.12,77,99,0.65,NG,1682664068
55,gapyeong,37.831,127.5106,22.17,28,100,5.59,KR,1682664068
56,suntar,62.1444,117.6319,5.09,91,95,0.8,RU,1682664069
57,lorengau,-2.0226,147.2712,28.68,75,84,0.65,PG,1682664069
58,nueva guinea,11.6876,-84.4562,21.36,98,94,0.36,NI,1682664069
59,jega,12.2175,4.3792,29.75,53,100,6.89,NG,1682664070
60,olonkinbyen,70.9221,-8.7187,-2.65,93,100,12.09,SJ,1682664070
61,magadan,59.5667,150.8,3.47,74,34,2.43,RU,1682664070
62,kimbe,-5.5502,150.1429,28.41,82,46,0.51,PG,1682664070
63,amherst,41.3978,-82.2224,11.53,78,0,3.09,US,1682664071
64,tsiombe,-25.3,45.4833,26.55,55,83,6.2,MG,1682664071
65,mandiana,10.6333,-8.6833,24.54,47,65,2.17,GN,1682664072
66,edinburgh of the seven seas,-37.0676,-12.3116,16.41,79,93,1.7,SH,1682664072
67,antofagasta,-23.65,-70.4,15.6,83,48,2.52,CL,1682664072
68,shtip,41.7458,22.1958,9.86,58,0,3.67,MK,1682664073
69,margaret river,-33.95,115.0667,16.59,53,54,5.31,AU,1682664073
70,thompson,55.7435,-97.8558,-1.91,74,0,2.06,CA,1682663803
71,kailua-kona,19.6406,-155.9956,25.98,95,100,4.63,US,1682664074
72,buala,-8.145,159.5921,28.18,76,59,1.84,SB,1682664074
73,mumbwa,-14.9783,27.0619,21.34,52,23,4.11,ZM,1682664075
74,klyuchi,52.2667,79.1667,25.39,23,100,6.3,RU,1682664075
75,geraldton,-28.7667,114.6,25.23,29,0,8.23,AU,1682664076
76,arenapolis,-14.4503,-56.8461,21.56,94,0,0.52,BR,1682664076
77,freetown,8.484,-13.2299,25.74,80,100,1.84,SL,1682664077
78,wayne,42.2506,-83.2833,8.37,67,100,3.6,US,1682663843
79,ugoofaaru,5.6667,73.0,29.05,70,100,1.76,MV,1682664077
80,iqaluit,63.7506,-68.5145,-1.15,92,75,5.66,CA,1682664078
81,hermanus,-34.4187,19.2345,16.26,71,11,5.29,ZA,1682664078
82,horta,38.5333,-28.6333,16.12,80,75,9.39,PT,1682664078
83,manadhoo,5.7667,73.3833,29.31,68,100,0.64,MV,1682664078
84,hadibu,12.65,54.0333,30.38,61,42,0.42,YE,1682664079
85,sao joao da barra,-21.6403,-41.0511,21.29,92,0,2.93,BR,1682664079
86,alice springs,-23.7,133.8833,23.75,33,40,5.14,AU,1682664079
87,qamdo,31.1667,97.2333,4.21,45,100,2.88,CN,1682664080
88,talnakh,69.4865,88.3972,-6.55,81,81,1.27,RU,1682664080
89,terme,41.2092,36.9739,11.96,86,100,2.96,TR,1682664080
90,puerto ayora,-0.7393,-90.3518,25.31,96,93,0.45,EC,1682663879
91,hithadhoo,-0.6,73.0833,28.71,74,100,3.29,MV,1682664081
92,labrador city,52.9463,-66.9114,-1.05,86,0,0.0,CA,1682664081
93,pocone,-16.2567,-56.6228,22.08,92,2,0.87,BR,1682664082
94,zag,46.9441,99.165,7.46,23,100,6.3,MN,1682664082
95,punta arenas,-53.15,-70.9167,2.06,87,0,0.0,CL,1682664083
96,sindgi,16.9167,76.2333,35.24,32,15,4.77,IN,1682664083
97,ola,59.5833,151.2833,3.74,74,9,1.94,RU,1682664084
98,sao joao do piaui,-8.3581,-42.2467,21.51,93,100,0.6,BR,1682664084
99,luderitz,-26.6481,15.1594,18.18,55,37,4.88,NA,1682664085
100,fale old settlement,-9.3852,-171.2468,29.02,74,47,8.12,TK,1682664085
101,illizi,26.4833,8.4667,21.89,12,18,5.94,DZ,1682664086
102,susuman,62.7833,148.1667,-1.08,76,19,1.08,RU,1682664086
103,alofi,-19.0595,-169.9187,24.94,94,70,4.12,NU,1682664087
104,wailua homesteads,22.0669,-159.378,23.24,83,75,5.66,US,1682664087
105,nadi,-17.8,177.4167,28.0,78,75,1.54,FJ,1682664088
106,tucupita,9.0622,-62.051,22.63,99,96,1.2,VE,1682664088
107,tsaratanana,-16.7833,47.65,27.88,55,6,5.96,MG,1682664088
108,metlili chaamba,32.2667,3.6333,21.52,21,0,1.03,DZ,1682664088
109,raja,8.4596,25.678,25.83,70,98,1.35,SS,1682664089
110,ust-nera,64.5667,143.2,1.6,78,45,0.42,RU,1682664090
111,langtoucun,40.0261,124.3286,10.67,80,100,4.91,CN,1682664090
112,dudinka,69.4058,86.1778,-6.32,88,35,2.95,RU,1682664090
113,darab,28.7519,54.5444,23.31,35,2,1.45,IR,1682664091
114,egilsstadir,65.2653,-14.3948,-3.05,74,75,2.06,IS,1682664091
115,bredasdorp,-34.5322,20.0403,15.99,74,48,2.65,ZA,1682664091
116,atafu village,-8.5421,-172.5159,29.5,69,100,8.84,TK,1682664092
117,longyearbyen,78.2186,15.6401,-0.09,86,75,5.66,SJ,1682664092
118,bontang,0.1333,117.5,29.7,69,8,3.82,ID,1682664092
119,hamilton,39.1834,-84.5333,11.66,94,100,5.66,US,1682664093
120,leer,53.2316,7.461,7.19,80,100,5.31,DE,1682664093
121,carnarvon,-24.8667,113.6333,27.14,41,53,8.99,AU,1682664093
122,flying fish cove,-10.4217,105.6791,27.08,81,100,9.44,CX,1682664093
123,neyriz,29.1988,54.3278,18.57,46,6,1.49,IR,1682664094
124,namibe,-15.1961,12.1522,25.71,65,100,0.19,AO,1682664094
125,totness,5.8833,-56.3167,24.42,93,100,3.75,SR,1682664094
126,papatowai,-46.5619,169.4708,10.9,92,45,1.88,NZ,1682664094
127,tazovsky,67.4667,78.7,-6.66,91,70,6.35,RU,1682664095
128,miranda,3.2499,-76.2281,21.07,92,100,1.88,CO,1682664095
129,san rafael,-34.6177,-68.3301,17.28,54,2,3.64,AR,1682664085
130,oyama,36.3,139.8,24.49,34,100,5.33,JP,1682664096
131,stanley,54.868,-1.6985,6.82,94,100,1.54,GB,1682663886
132,manokwari,-0.8667,134.0833,28.34,75,43,1.49,ID,1682664096
133,lihue,21.9789,-159.3672,23.58,82,75,5.66,US,1682664096
134,jiwani,25.05,61.7417,27.79,65,7,3.38,PK,1682664097
135,piggs peak,-25.9667,31.25,17.94,51,23,1.8,SZ,1682664097
136,yunfu,22.9306,112.0373,27.61,72,96,2.23,CN,1682664097
137,dawei,14.0833,98.2,34.11,51,21,5.24,MM,1682664098
138,pader,3.05,33.2167,19.1,92,100,1.15,UG,1682664098
139,gorom-gorom,14.4439,-0.2361,28.37,46,0,5.83,BF,1682664098
140,christchurch,-43.5333,172.6333,13.28,84,6,6.69,NZ,1682664099
141,floro,61.5996,5.0328,3.98,60,0,5.66,NO,1682664099
142,mugia,43.1041,-9.2179,13.28,80,100,2.67,ES,1682664100
143,puerto ayacucho,5.6639,-67.6236,23.84,94,100,1.87,VE,1682664100
144,keflavik,64.0049,-22.5624,1.24,93,75,4.12,IS,1682664101
145,karacasu,37.7282,28.6057,10.19,64,19,3.92,TR,1682664101
146,kyshtovka,56.555,76.6271,22.36,33,96,8.64,RU,1682664102
147,prado,-17.3411,-39.2208,22.36,88,0,3.59,BR,1682664102
148,kotido,2.9806,34.1331,21.19,79,100,3.41,UG,1682664102
149,haiku-pauwela,20.9219,-156.3051,22.25,91,100,3.09,US,1682664103
150,byron bay,-28.65,153.6167,22.62,75,0,2.76,AU,1682664032
151,polovinnoye,54.7914,65.9864,21.49,31,100,5.06,RU,1682664103
152,tacna,-18.0056,-70.2483,15.11,88,75,1.03,PE,1682664104
153,ayorou,14.7308,0.9174,28.78,35,0,4.91,NE,1682664104
154,morehead city,34.7229,-76.726,21.13,89,0,6.26,US,1682664105
155,portland,45.5234,-122.6762,18.02,63,0,3.09,US,1682663872
156,priargunsk,50.3691,119.1012,9.97,27,100,1.34,RU,1682664105
157,terrace,54.5163,-128.6035,6.95,75,75,1.03,CA,1682664043
158,khanty-mansiysk,61.0042,69.0019,0.06,93,75,4.02,RU,1682664106
159,uturoa,-16.7333,-151.4333,28.1,75,55,4.76,PF,1682664107
160,macae,-22.3708,-41.7869,22.86,100,0,1.54,BR,1682664107
161,aqadyr,48.2553,72.8483,22.88,18,0,4.7,KZ,1682664108
162,iwaki,37.05,140.8833,25.34,62,0,4.02,JP,1682664108
163,broome,42.2506,-75.833,9.21,81,0,3.6,US,1682664109
164,vylkove,45.4021,29.586,10.74,54,100,9.52,UA,1682664109
165,lenino,45.2986,35.7771,13.42,92,100,4.2,UA,1682664109
166,gadzhiyevo,69.2551,33.3362,-1.47,75,3,8.17,RU,1682664109
167,new norfolk,-42.7826,147.0587,14.72,53,89,1.79,AU,1682664110
168,ketchikan,55.3422,-131.6461,5.99,93,100,0.0,US,1682664110
169,bertrix,49.856,5.2554,12.33,99,100,3.6,BE,1682664110
170,farasan,16.7022,42.1183,30.45,70,8,1.23,SA,1682664110
171,chibuto,-24.6867,33.5306,25.31,63,0,3.92,MZ,1682664111
172,cockburn town,21.4612,-71.1419,25.31,76,100,4.99,TC,1682663894
173,kapuskasing,49.4169,-82.4331,3.05,93,100,3.09,CA,1682664112
174,keelung,25.1283,121.7419,28.94,73,35,1.14,TW,1682664112
175,kismayo,-0.3582,42.5454,29.13,70,100,4.56,SO,1682664113
176,queenstown,-31.8976,26.8753,17.31,57,9,1.34,ZA,1682664113
177,happy valley-goose bay,53.3168,-60.3315,-1.83,93,75,3.09,CA,1682664114
178,mount gambier,-37.8333,140.7667,13.26,58,77,3.48,AU,1682664114
179,redencao,-4.2258,-38.7306,21.56,93,85,1.2,BR,1682664114
180,santa cruz,-17.8,-63.1667,19.7,100,99,1.54,BO,1682664115
181,afif,23.9065,42.9172,26.38,16,0,4.99,SA,1682664115
182,vanino,49.0869,140.2543,3.39,67,22,3.2,RU,1682664115
183,necochea,-38.5473,-58.7368,15.9,70,0,5.48,AR,1682664115
184,nagqu,31.5,92.0,0.49,77,100,3.74,CN,1682664116
185,utrik,11.2278,169.8474,26.94,83,87,9.06,MH,1682664116
186,ghat,24.9647,10.1728,28.54,14,45,2.4,LY,1682664116
187,laguna,38.421,-121.4238,23.08,60,0,2.06,US,1682664116
188,alvaraes,-3.2208,-64.8042,22.39,98,4,0.4,BR,1682664117
189,ridgecrest,35.6225,-117.6709,24.25,26,20,3.6,US,1682663994
190,khorugh,37.4897,71.553,8.46,64,2,0.5,TJ,1682664117
191,fortuna,40.5982,-124.1573,11.48,89,9,1.04,US,1682664118
192,zarghun shahr,32.8473,68.4457,19.6,29,0,3.51,AF,1682664118
193,presidente venceslau,-21.8761,-51.8439,16.51,93,6,1.38,BR,1682664118
194,acarau,-2.8856,-40.12,23.19,89,93,2.48,BR,1682663857
195,papao,-17.75,-149.55,26.82,76,97,3.25,PF,1682664119
196,maridi,4.9158,29.4742,24.3,84,100,2.02,SS,1682664119
197,tadine,-21.55,167.8833,23.16,75,38,6.13,NC,1682664119
198,saipan,15.1355,145.701,31.39,70,0,9.77,MP,1682664119
199,prata,-19.3072,-48.9242,19.49,92,41,0.24,BR,1682663968
200,rundu,-17.9333,19.7667,23.08,27,14,2.23,NA,1682664120
201,ampanihy,-24.7,44.75,25.23,53,81,4.89,MG,1682664120
202,linares,-35.85,-71.6,12.31,91,100,1.95,CL,1682664120
203,lakheri,25.6667,76.1667,34.84,22,81,3.57,IN,1682664120
204,tangalle,6.024,80.7911,32.09,65,100,3.5,LK,1682664028
205,chulakkurgan,43.765,69.1814,24.52,20,0,2.65,KZ,1682664121
206,bela vista do paraiso,-22.9967,-51.1906,15.58,90,6,1.42,BR,1682664121
207,torres,-29.3353,-49.7269,11.57,82,97,1.74,BR,1682663823
208,vadso,70.0744,29.7487,2.09,75,0,7.72,NO,1682664122
209,i-n-salah,27.1935,2.4607,30.03,8,0,10.54,DZ,1682664123
210,whitehorse,60.7161,-135.0538,3.43,52,40,3.6,CA,1682664123
211,zhezqazghan,47.7833,67.7667,23.32,21,0,5.0,KZ,1682664123
212,tommot,58.9564,126.2925,5.25,66,100,1.99,RU,1682664124
213,mossel bay,-34.1831,22.146,15.96,77,4,1.86,ZA,1682664124
214,olyokminsk,60.3736,120.4264,8.19,49,64,1.6,RU,1682664126
215,vernon,50.2581,-119.2691,11.27,42,8,4.63,CA,1682664126
216,nuku'alofa,-21.1333,-175.2,26.19,94,75,5.66,TO,1682664127
217,rubio,7.7013,-72.3557,19.17,91,24,1.33,VE,1682664127
218,hauterive,46.0901,3.4459,16.42,78,95,2.2,FR,1682664128
219,quellon,-43.1167,-73.6167,14.14,94,100,5.14,CL,1682664128
220,tupaciguara,-18.5922,-48.705,17.88,92,52,1.02,BR,1682664128
221,kristiansund,63.1115,7.732,4.36,65,0,3.09,NO,1682664129
222,invercargill,-46.4,168.35,11.68,82,0,0.89,NZ,1682664129
223,bull savanna,17.8868,-77.5902,22.86,86,84,3.05,JM,1682664129
224,padang,-0.9492,100.3543,30.03,85,44,2.36,ID,1682664129
225,lyantonde,-0.4031,31.1572,21.74,82,100,1.87,UG,1682664130
226,huangmei,30.1924,116.025,20.21,88,100,1.48,CN,1682664131
227,chust,41.0094,71.2287,24.66,16,10,3.18,UZ,1682664131
228,san luis de la loma,17.2706,-100.8939,25.36,72,100,2.09,MX,1682664131
229,aasiaat,68.7098,-52.8699,-9.44,100,91,2.35,GL,1682664132
230,penzance,50.1186,-5.5371,11.38,100,75,6.69,GB,1682664132
231,iskateley,67.6803,53.1512,-3.5,83,94,4.54,RU,1682664133
232,isafjordur,66.0755,-23.124,-1.71,64,31,3.61,IS,1682664133
233,saudarkrokur,65.7461,-19.6394,-1.4,62,9,2.97,IS,1682664133
234,binhe,32.6883,112.8275,18.59,68,100,3.84,CN,1682664134
235,nemuro,43.3236,145.575,5.36,77,100,4.72,JP,1682664135
236,tobol,52.6844,62.5794,19.76,34,100,2.46,KZ,1682664080
237,dunda,-8.1167,34.25,22.12,59,10,2.38,TZ,1682664135
238,tegueste,28.5167,-16.3167,15.92,49,0,2.68,ES,1682664135
239,bagrationovsk,54.3871,20.6437,7.28,59,0,4.61,RU,1682664136
240,rio grande,-32.035,-52.0986,17.38,85,47,1.7,BR,1682664136
241,ballina,-28.8667,153.5667,22.66,72,0,2.97,AU,1682664136
242,coquimbo,-29.9533,-71.3436,13.85,88,100,1.03,CL,1682664137
243,san rafael del sur,11.8485,-86.4384,24.54,70,100,2.21,NI,1682664137
244,novodvinsk,64.4165,40.8122,4.86,71,100,4.38,RU,1682664137
245,hilo,19.7297,-155.09,25.16,84,100,2.06,US,1682664078
246,lompoc,34.6391,-120.4579,11.4,96,100,1.54,US,1682664138
247,guiyang,26.5833,106.7167,19.27,77,100,3.0,CN,1682664138
248,keyser,39.4409,-78.9739,15.08,86,100,2.13,US,1682664139
249,palmer,42.1584,-72.3287,6.72,92,0,0.0,US,1682664139
250,serenje,-13.2325,30.2352,18.24,70,90,3.99,ZM,1682664140
251,palikir - national government center,6.9248,158.1611,24.47,94,100,2.06,FM,1682664140
252,ngaoundere,7.3167,13.5833,23.66,63,99,1.81,CM,1682664140
253,lata,40.1629,-8.3327,14.49,70,100,0.58,PT,1682664141
254,sarmiento,-45.5882,-69.07,12.93,58,100,3.14,AR,1682664141
255,naldurg,17.8167,76.3,32.71,38,21,4.87,IN,1682664142
256,kayangel,8.0823,134.7173,28.56,79,99,4.26,PW,1682664142
257,as sulayyil,20.4607,45.5779,30.14,24,5,4.16,SA,1682664143
258,el calafate,-50.3408,-72.2768,5.54,79,100,1.05,AR,1682664143
259,selfoss,63.9331,-20.9971,-0.53,97,100,3.46,IS,1682664143
260,paradip garh,20.3167,86.6167,33.83,50,99,6.78,IN,1682664144
261,salinas,36.6777,-121.6555,14.44,92,100,2.57,US,1682664144
262,zhangatas,43.5667,69.75,25.8,22,0,2.53,KZ,1682664081
263,nova sintra,14.8667,-24.7167,20.66,77,1,6.83,CV,1682664145
264,mount isa,-20.7333,139.5,31.87,25,75,3.6,AU,1682664145
265,fisterra,42.9049,-9.2629,13.19,79,100,3.52,ES,1682664145
266,kingston,17.997,-76.7936,26.53,82,20,3.09,JM,1682664067
267,la sarre,48.8002,-79.1996,2.14,92,100,2.42,CA,1682664044
268,semenivka,52.1783,32.5818,8.31,71,98,6.39,UA,1682664146
269,dunedin,-45.8742,170.5036,12.11,83,6,0.68,NZ,1682664147
270,mitu,1.1983,-70.1733,21.46,97,31,0.2,CO,1682664147
271,enewetak,11.3474,162.3373,26.98,83,35,8.99,MH,1682664148
272,stepnogorsk,52.3544,71.8869,23.75,22,100,7.23,KZ,1682664078
273,ad dawadimi,24.5077,44.3924,23.64,28,0,5.75,SA,1682664148
274,tralee,52.2704,-9.7026,11.14,100,75,1.03,IE,1682664149
275,esmeralda,21.8525,-78.1169,22.56,86,100,2.11,CU,1682664149
276,al qadarif,14.0349,35.3834,28.89,45,100,1.97,SD,1682664149
277,kerikeri,-35.2268,173.9474,16.06,87,100,4.67,NZ,1682664150
278,joroinen,62.1782,27.8317,2.77,97,100,2.22,FI,1682664150
279,macau,22.2006,113.5461,32.14,83,20,3.09,MO,1682664127
280,itoman,26.1247,127.6694,26.21,73,75,5.14,JP,1682664151
281,tolanaro,-25.0319,46.9987,25.04,78,20,5.14,MG,1682664151
282,labytnangi,66.6572,66.4183,-3.03,74,100,3.23,RU,1682664151
283,constantia,44.1833,28.65,9.28,53,100,9.95,RO,1682664074
284,sumbawanga,-7.9667,31.6167,17.89,82,20,4.63,TZ,1682663989
285,esperantina,-3.9017,-42.2336,21.76,98,100,0.3,BR,1682664152
286,altai,46.3722,96.2583,4.72,27,91,3.93,MN,1682664153
287,mascote,-15.5631,-39.3025,20.27,99,17,0.88,BR,1682663987
288,nantucket,41.2835,-70.0995,8.03,93,0,1.54,US,1682664153
289,qaqortoq,60.7167,-46.0333,-1.01,64,7,3.67,GL,1682664154
290,jamestown,42.097,-79.2353,10.8,72,0,2.06,US,1682664122
291,port saint john's,-31.6229,29.5448,21.31,86,88,0.65,ZA,1682664155
292,ves'yegonsk,58.664,37.2604,12.27,76,92,4.25,RU,1682664155
293,lodja,-3.4833,23.4333,26.56,71,94,0.39,CD,1682664155
294,ballito,-29.539,31.2144,23.08,73,75,2.57,ZA,1682664156
295,touros,-5.1989,-35.4608,23.89,94,34,3.19,BR,1682664150
296,jiuquan,39.7432,98.5174,14.76,9,0,0.85,CN,1682664157
297,qaisumah,28.3112,46.1273,30.98,25,0,7.72,SA,1682664157
298,antipino,57.1068,65.7576,8.16,68,100,5.89,RU,1682664158
299,al burayqah,30.4062,19.5739,18.28,56,3,6.28,LY,1682664158
300,kayyerkan,69.3786,87.7439,-6.5,100,73,2.91,RU,1682664159
301,ostersund,63.1792,14.6357,1.45,100,75,6.69,SE,1682664159
302,bang saphan,11.2126,99.5117,33.13,54,83,4.61,TH,1682664160
303,ilomantsi,62.6716,30.9328,3.16,96,100,2.33,FI,1682664160
304,codrington,-38.2667,141.9667,13.13,61,97,5.45,AU,1682664160
305,qoryooley,1.7878,44.53,29.7,67,100,3.15,SO,1682664161
306,alakurtti,66.9672,30.3491,-1.5,93,100,6.41,RU,1682664161
307,port augusta,-32.5,137.7667,18.62,46,100,5.22,AU,1682664162
308,kaiapoi,-43.3783,172.6401,13.37,88,0,6.69,NZ,1682664162
309,souillac,-20.5167,57.5167,28.21,65,40,3.6,MU,1682664162
310,arno,60.1167,18.6333,2.1,87,83,3.61,SE,1682664163
311,bakal,54.9417,58.8083,16.36,46,18,4.56,RU,1682664163
312,lensk,60.7253,114.9278,6.85,64,84,3.1,RU,1682664163
313,nar'yan-mar,67.6713,53.087,-3.44,83,90,4.53,RU,1682664164
314,santa maria del oro,25.9333,-105.3667,15.43,27,0,2.38,MX,1682664164
315,chala,-7.5833,31.2667,18.25,72,24,2.65,TZ,1682664164
316,okha,53.5739,142.9478,1.08,88,100,4.57,RU,1682664165
317,mejit,10.2753,170.8646,27.53,80,30,8.34,MH,1682664165
318,sungailiat,-1.85,106.1333,30.53,62,99,4.08,ID,1682664166
319,ain sefra,32.75,-0.5833,24.95,15,6,1.48,DZ,1682664166
320,comodoro rivadavia,-45.8667,-67.5,12.92,47,0,2.57,AR,1682664166
321,muynoq,43.7683,59.0214,26.45,16,100,4.29,UZ,1682664167
322,koani,-6.1333,39.2833,26.79,78,75,10.29,TZ,1682664167
323,jieshi,22.8134,115.8257,23.94,80,21,4.61,CN,1682664167
324,natal,-5.795,-35.2094,24.36,94,75,2.06,BR,1682664168
325,quemado de guines,22.7853,-80.2536,23.12,80,100,0.88,CU,1682664168
326,conception bay south,47.4999,-52.9981,0.41,92,100,7.28,CA,1682664168
327,sanctuary point,-35.1114,150.629,24.43,68,95,4.86,AU,1682664168
328,maceio,-9.6658,-35.7353,24.69,94,20,1.03,BR,1682664168
329,marquette,46.5333,-87.6335,5.43,90,100,0.57,US,1682664169
330,kimberley,-28.7323,24.7623,15.83,59,0,0.0,ZA,1682664169
331,aldama,22.9167,-98.0667,22.11,85,99,2.36,MX,1682664169
332,yibin,28.7667,104.6238,17.07,75,100,5.58,CN,1682664170
333,gunjur,13.2019,-16.7339,21.04,78,0,3.09,GM,1682664170
334,havana,23.133,-82.383,22.24,88,40,0.51,CU,1682664171
335,kingscliff,-28.2667,153.5667,22.89,60,0,4.63,AU,1682664171
336,mayisad,19.1667,-72.1333,21.69,91,93,1.1,HT,1682664171
337,khovd,48.0056,91.6419,13.86,20,100,3.16,MN,1682664172
338,kataysk,56.289,62.5841,13.02,68,94,7.19,RU,1682664172
339,hami,42.8,93.45,19.22,9,7,1.42,CN,1682663951
340,ambon,-3.6954,128.1814,29.97,88,40,2.57,ID,1682664173
341,lake havasu city,34.4839,-114.3224,27.26,13,0,1.79,US,1682663931
342,batang,-6.4846,110.7083,29.99,69,91,2.51,ID,1682664173
343,san antonio de pale,-1.4014,5.6325,27.87,75,99,3.46,GQ,1682664173
344,komsomol'skiy,43.9783,46.6985,19.86,61,9,2.19,RU,1682664173
345,beau vallon,-20.4189,57.6953,29.56,65,40,3.6,MU,1682664174
346,merizo village,13.2658,144.6691,28.88,87,3,8.89,GU,1682664174
347,kruisfontein,-34.0033,24.7314,17.71,68,0,1.28,ZA,1682664174
348,akureyri,65.6835,-18.0878,-3.04,80,100,1.54,IS,1682664174
349,walvis bay,-22.9575,14.5053,14.49,93,75,0.0,NA,1682664175
350,salinopolis,-0.6136,-47.3561,24.09,90,100,1.26,BR,1682664175
351,crane,31.3974,-102.3501,18.96,29,0,7.37,US,1682664175
352,samtredia,42.1537,42.3352,18.15,68,0,7.2,GE,1682664175
353,cabo san lucas,22.8909,-109.9124,22.01,70,0,0.89,MX,1682664176
354,ixtapa,20.7,-105.2,23.57,83,0,0.0,MX,1682664176
355,aginskoye,51.1,114.53,9.55,21,100,4.59,RU,1682664176
356,garissa,-0.4536,39.6401,26.84,68,90,7.39,KE,1682664176
357,ebon,4.582,168.6964,28.38,78,100,6.67,MH,1682664177
358,eha amufu,6.6592,7.7596,25.46,72,100,0.37,NG,1682664177
359,eger,47.9026,20.3733,9.21,69,34,1.9,HU,1682664177
360,chippewa falls,44.9369,-91.3929,12.1,75,100,3.09,US,1682664177
361,milan,45.4643,9.1895,14.36,67,0,2.68,IT,1682663976
362,northam,51.0333,-4.2167,11.88,98,100,4.69,GB,1682664178
363,chonchi,-42.6128,-73.8092,12.84,95,100,4.66,CL,1682664178
364,ban karon,7.8477,98.2985,31.95,65,100,2.44,TH,1682664178
365,gizo,-8.103,156.8419,29.03,71,19,1.82,SB,1682664179
366,st anne,49.715,-2.2042,10.25,100,75,7.2,GG,1682664179
367,ailuk,10.2197,169.9797,27.48,81,92,8.2,MH,1682664180
368,waddan,29.1614,16.139,20.7,44,0,2.7,LY,1682664180
369,temirlanovka,42.5994,69.2633,27.77,23,5,2.61,KZ,1682664180
370,ta`u,-14.2336,-169.5144,27.96,78,50,6.37,AS,1682664180
371,brigantine,39.4101,-74.3646,12.23,85,0,3.6,US,1682664181
372,praia da vitoria,38.7333,-27.0667,16.53,88,40,8.53,PT,1682664181
373,st. john's,47.5649,-52.7093,0.54,93,100,6.17,CA,1682663972
374,tanabe,33.7333,135.3667,19.56,63,75,5.14,JP,1682664182
375,ringkobing,56.0901,8.244,6.12,68,95,3.83,DK,1682664182
376,degerfors,59.238,14.4308,4.38,53,0,2.88,SE,1682664183
377,safi,32.1667,-8.8333,19.36,61,7,2.87,MA,1682664183
378,kragero,58.8693,9.4149,6.36,51,51,2.31,NO,1682664184
379,zhanaozen,43.3,52.8,27.38,24,0,6.02,KZ,1682664184
380,andergrove,-21.0833,149.1833,23.86,76,80,6.02,AU,1682664185
381,den burg,53.0542,4.7972,8.33,83,100,4.12,NL,1682664185
382,beitbridge,-22.2167,30.0,25.71,48,0,0.8,ZW,1682664185
383,campbellton,48.0075,-66.6727,3.25,88,91,1.28,CA,1682664187
384,saint-philippe,-21.3585,55.7679,27.77,69,7,4.19,RE,1682664187
385,neya,58.2972,43.8681,10.59,75,100,2.36,RU,1682664188
386,bluefields,12.0137,-83.7635,24.61,82,90,2.66,NI,1682664188
387,calvinia,-31.4707,19.776,12.96,71,83,1.25,ZA,1682664188
388,el rosario,24.2556,-107.1828,18.29,66,0,1.17,MX,1682664189
389,abu dhabi,24.4667,54.3667,31.06,28,0,1.54,AE,1682664017
390,kabba,7.8287,6.0731,23.84,77,100,1.87,NG,1682664189
391,weno,7.4515,151.8468,24.97,100,100,2.06,FM,1682664190
392,homa bay,-0.5273,34.4571,20.68,84,100,0.73,KE,1682664190
393,aroma,15.8167,36.1333,33.17,33,88,4.44,SD,1682664191
394,mohr,54.3528,9.7167,6.75,81,20,4.63,DE,1682664191
395,navrongo,10.8956,-1.0921,27.21,65,80,2.6,GH,1682664191
396,kill devil hills,36.0307,-75.676,19.0,82,100,4.63,US,1682664192
397,bhisho,-32.8472,27.4422,14.35,64,0,3.12,ZA,1682664192
398,melchor de mencos,17.0686,-89.1522,26.0,94,0,3.09,GT,1682664192
399,perryville,37.7242,-89.8612,11.92,100,100,1.54,US,1682664192
400,yingkou,40.6648,122.2283,13.08,71,98,2.62,CN,1682664193
401,bardai,11.65,7.2333,26.16,53,100,5.2,NG,1682664193
402,mar del plata,-38.0023,-57.5575,14.49,95,0,2.57,AR,1682664115
403,smara,26.7384,-11.6719,21.45,48,0,1.69,EH,1682664194
404,emerald,-23.5333,148.1667,26.86,38,82,1.91,AU,1682664137
405,korla,41.7597,86.1469,20.78,14,7,4.46,CN,1682663952
406,island harbour,50.724,-1.2758,12.18,96,100,3.13,GB,1682664195
407,mukalla,14.5425,49.1242,31.06,67,5,3.96,YE,1682664195
408,tual,-5.6667,132.75,28.17,78,100,6.28,ID,1682664195
409,sidi khaled,34.387,4.9879,23.58,33,13,3.8,DZ,1682664196
410,chernyshevskiy,63.0128,112.4714,1.15,100,100,2.02,RU,1682664196
411,greymouth,-42.4667,171.2,11.0,83,0,1.39,NZ,1682664196
412,pacific grove,36.6177,-121.9166,12.79,100,100,1.54,US,1682663941
413,boa vista,2.8197,-60.6733,24.99,88,0,1.03,BR,1682664197
414,fort st. john,56.2499,-120.8529,8.94,43,40,10.29,CA,1682664198
415,zaragoza,41.6561,-0.8773,19.45,63,0,3.6,ES,1682664064
416,maxixe,-23.8597,35.3472,23.9,88,20,0.0,MZ,1682664198
417,don luan,11.5333,106.9167,36.28,38,99,2.84,VN,1682664199
418,smirnykh,49.75,142.8333,6.52,61,99,3.12,RU,1682664199
419,rongelap,11.1635,166.8941,27.03,83,67,9.31,MH,1682664199
420,quibala,-10.7337,14.98,17.72,69,96,1.81,AO,1682664199
421,alaior,39.9303,4.1404,17.86,94,0,3.09,ES,1682664200
422,saint-hubert,50.05,5.3833,11.42,99,100,4.16,BE,1682664200
423,yolombo,6.5984,-75.0114,16.33,99,100,1.36,CO,1682664200
424,cambria,35.5641,-121.0808,18.32,79,9,0.97,US,1682664201
425,trindade,-16.6494,-49.4889,20.86,90,43,0.38,BR,1682664201
426,al 'aziziyah,32.9058,45.0616,33.77,9,0,3.17,IQ,1682664202
427,grosse pointe farms,42.4092,-82.8919,8.49,76,0,4.63,US,1682664202
428,la passe,45.5549,-0.8967,15.13,86,97,1.83,FR,1682664203
429,lagunas,-5.2269,-75.6753,21.98,100,99,0.7,PE,1682664203
430,jam sahib,26.2958,68.6292,31.01,25,63,7.11,PK,1682664203
431,fort mcmurray,56.7268,-111.381,7.77,57,100,3.6,CA,1682664204
432,san patricio,28.017,-97.5169,21.92,91,0,3.13,US,1682664204
433,tynda,55.1667,124.7167,4.18,60,97,3.05,RU,1682664205
434,buta,2.7858,24.73,25.69,68,100,0.74,CD,1682664205
435,labasa,-16.4167,179.3833,25.94,87,6,0.3,FJ,1682664205
436,khandyga,62.6667,135.6,3.91,69,100,1.67,RU,1682664206
437,tougan,13.0667,-3.0667,26.67,55,1,3.3,BF,1682664206
438,suva,-18.1416,178.4415,26.71,83,20,1.03,FJ,1682664043
439,santa elena de uairen,4.6167,-61.1333,19.5,94,100,0.39,VE,1682664207
440,crown point,41.417,-87.3653,11.52,61,0,0.0,US,1682664208
441,mili,6.0815,171.735,27.68,81,100,7.28,MH,1682664208
442,tuapse,44.1125,39.0742,12.82,95,100,2.44,RU,1682663981
443,srandakan,-7.9386,110.2506,29.39,76,100,5.73,ID,1682664208
444,sterling,39.0062,-77.4286,14.6,85,100,3.6,US,1682664209
445,borzya,50.3833,116.5167,6.79,44,100,6.59,RU,1682664209
446,arraial do cabo,-22.9661,-42.0278,23.92,88,75,3.09,BR,1682664210
447,banda aceh,5.5577,95.3222,29.39,68,100,2.55,ID,1682664210
448,inhambane,-23.865,35.3833,23.99,88,20,0.0,MZ,1682664211
449,katsuren-haebaru,26.3369,127.8719,26.21,69,40,4.12,JP,1682664211
450,ciutadella,40.0011,3.8414,18.45,73,99,4.06,ES,1682664211
451,amasra,41.7463,32.3863,10.03,92,100,5.2,TR,1682664212
452,pamandzi,-12.7967,45.2794,26.88,89,75,4.12,YT,1682664212
453,spa,50.4837,5.8667,12.29,99,100,2.62,BE,1682664212
454,chanika,-5.4167,38.0167,24.36,65,100,4.23,TZ,1682664212
455,glendale,33.5387,-112.186,27.96,17,0,4.12,US,1682664011
456,kananga,-5.8958,22.4178,23.78,72,91,2.43,CD,1682664213
457,mokopane,-24.1944,29.0097,25.74,40,3,1.18,ZA,1682664214
458,tura,25.5198,90.2201,34.33,27,100,2.9,IN,1682664214
459,dhamar,14.5427,44.4051,19.51,42,62,1.65,YE,1682664214
460,forde,61.4522,5.8572,4.0,60,0,0.0,NO,1682664215
461,shakhan,49.8233,72.6342,23.66,18,1,2.62,KZ,1682664215
462,ciudad lazaro cardenas,17.9583,-102.2,23.49,78,76,1.77,MX,1682664215
463,rahimah,26.7079,50.0619,32.12,35,3,3.11,SA,1682664216
464,gebeit,21.0667,36.3167,29.38,11,6,1.82,SD,1682664216
465,uyskoye,54.3775,60.0047,19.83,33,4,4.65,RU,1682664217
466,stettler,52.3168,-112.7186,7.86,39,100,4.63,CA,1682664217
467,port alfred,-33.5906,26.891,20.11,76,53,1.4,ZA,1682664217
468,hasaki,35.7333,140.8333,24.05,69,100,9.76,JP,1682664218
469,kavieng,-2.5744,150.7967,29.02,72,65,1.3,PG,1682664218
470,margate,51.3813,1.3862,12.17,94,96,1.79,GB,1682664218
471,pitimbu,-7.4706,-34.8086,25.33,85,66,2.51,BR,1682664218
472,lazaro cardenas,17.9583,-102.2,23.49,78,76,1.77,MX,1682664215
473,porto novo,6.4965,2.6036,24.9,76,100,1.96,BJ,1682664219
474,tosontsengel,48.7567,98.2839,7.35,33,100,10.71,MN,1682664220
475,batticaloa,7.7102,81.6924,29.99,67,100,3.69,LK,1682664220
476,antalaha,-14.9003,50.2788,28.68,57,16,5.87,MG,1682664221
477,neryungri,56.6709,124.6491,2.4,61,95,1.95,RU,1682664001
478,villa dolores,-31.9459,-65.1896,16.08,61,0,2.12,AR,1682664221
479,puerto maldonado,-12.6,-69.1833,22.53,98,86,0.46,PE,1682664222
480,beira,-19.8436,34.8389,24.05,64,20,3.6,MZ,1682664222
481,nelson bay,-32.7167,152.15,25.03,78,4,4.47,AU,1682664222
482,kapit,2.0167,112.9333,29.96,79,100,2.13,MY,1682664223
483,acs,47.7123,18.0113,9.06,76,0,3.09,HU,1682664223
484,araguaina,-7.1911,-48.2072,22.13,94,100,1.69,BR,1682664223
485,hobe sound,27.0595,-80.1364,22.74,85,40,0.0,US,1682664065
486,garoowe,8.4054,48.4845,26.19,61,100,6.32,SO,1682664224
487,twon-brass,4.3151,6.2418,25.36,77,100,1.74,NG,1682664224
488,nadym,65.5333,72.5167,-4.12,87,100,11.52,RU,1682664045
489,beyneu,45.3167,55.2,27.05,30,0,2.23,KZ,1682664225
490,lerwick,60.1545,-1.1494,5.0,97,100,9.78,GB,1682664225
491,kapa'a,22.0752,-159.319,23.99,83,75,5.66,US,1682664226
492,nadvoitsy,63.8667,34.3167,4.66,83,98,4.74,RU,1682664226
493,east london,-33.0153,27.9116,17.52,82,75,2.06,ZA,1682664226
494,newman,37.3138,-121.0208,22.99,75,6,1.34,US,1682664226
495,chibougamau,49.9168,-74.3659,-2.21,93,40,2.06,CA,1682664015
496,vilyuchinsk,52.9306,158.4028,4.15,74,100,8.46,RU,1682664227
497,ambodifotatra,-16.9833,49.85,27.03,78,75,6.17,MG,1682664228
498,duba,27.3513,35.6901,26.42,50,0,2.74,SA,1682664228
499,brockville,44.5834,-75.6826,6.19,75,20,2.26,CA,1682664083
500,battagram,34.6772,73.0233,23.87,43,44,2.22,PK,1682664228
501,masterton,-40.9597,175.6575,9.21,98,2,1.35,NZ,1682664229
502,guaratuba,-25.8828,-48.5747,20.17,87,88,1.52,BR,1682664229
503,laascaanood,8.4774,47.3597,23.26,75,100,7.04,SO,1682664229
504,nyandoma,61.669,40.1991,6.78,62,21,4.08,RU,1682664230
505,chaves,33.3834,-104.4505,17.23,17,0,5.14,US,1682664230
506,minas de marcona,-15.2119,-75.1103,15.93,89,23,3.45,PE,1682664230
507,mccomb,31.2438,-90.4531,16.12,94,0,0.0,US,1682664231
508,villa huidobro,-34.8383,-64.5869,15.75,65,0,4.19,AR,1682664231
509,nebraska city,40.6767,-95.8592,13.89,66,0,2.57,US,1682664231
510,luis correia,-2.8792,-41.6669,23.45,90,100,1.37,BR,1682664231
511,saint-denis,48.9167,2.3333,16.09,91,75,5.66,FR,1682664232
512,quincy,42.2529,-71.0023,7.27,90,100,0.0,US,1682664097
513,ancud,-41.8697,-73.8203,12.93,94,100,9.35,CL,1682664232
514,east ballina,-28.8667,153.5833,22.67,72,0,3.09,AU,1682664232
515,fort bragg,35.139,-79.006,18.23,96,100,2.06,US,1682664233
516,rakops,-21.0167,24.3333,25.53,32,6,5.2,BW,1682664233
517,princeville,45.7668,-61.2985,2.17,93,100,4.12,CA,1682664233
518,gordonvale,-17.0936,145.7842,29.39,76,32,2.92,AU,1682664233
519,sechura,-5.5569,-80.8222,25.94,70,100,4.94,PE,1682664233
520,debre birhan,9.6833,39.5333,14.08,75,73,2.17,ET,1682664234
521,heroica caborca,30.7167,-112.15,21.8,21,0,1.61,MX,1682664234
522,neiafu,-18.65,-173.9833,27.38,83,40,1.03,TO,1682664234
523,tabou,4.423,-7.3528,26.9,81,41,1.82,CI,1682664234
524,tasqala,51.1167,50.3167,21.77,33,100,2.29,KZ,1682664235
525,cidade velha,14.9167,-23.6167,21.26,78,20,5.14,CV,1682664235
526,kamiiso,41.8167,140.65,13.21,82,40,9.26,JP,1682664235
527,sitka,57.0531,-135.33,5.94,87,100,2.57,US,1682664235
528,la'ie,21.6477,-157.9253,22.98,89,100,3.6,US,1682664236
529,santyoku,37.4406,129.1708,20.45,47,68,2.32,KR,1682664236
530,chegdomyn,51.1167,133.0167,8.93,35,98,0.63,RU,1682664236
531,nuuk,64.1835,-51.7216,-0.66,100,8,1.54,GL,1682664236
532,kencong,-8.2833,113.3667,28.76,79,69,2.48,ID,1682664237
533,pandan,14.0453,124.1694,29.23,75,16,4.89,PH,1682664237
534,carauari,-4.8828,-66.8958,22.2,99,71,0.72,BR,1682664237
535,port moresby,-9.4431,147.1797,29.68,79,75,2.69,PG,1682664029
536,yar,58.249,52.1026,2.08,88,100,4.88,RU,1682664238
537,makurazaki,31.2667,130.3167,19.44,69,8,7.04,JP,1682664238
538,aiquile,-18.2041,-65.1807,10.85,97,16,1.04,BO,1682664238
539,yamba,-5.9,22.3,24.54,73,97,2.15,CD,1682664238
540,kargasok,59.0556,80.8572,13.61,78,100,4.83,RU,1682664239
541,petra-dubrava,53.2961,50.3655,19.85,41,97,1.79,RU,1682664239
542,toliara,-23.35,43.6667,27.7,48,0,2.61,MG,1682664239
543,glace bay,46.1969,-59.957,2.25,95,100,4.02,CA,1682664239
544,polyarnyy,69.1989,33.4478,-1.22,74,1,7.99,RU,1682664240
545,usogorsk,63.4106,48.6872,0.63,79,17,2.8,RU,1682664240
546,bechar,31.6167,-2.2167,20.18,14,20,2.06,DZ,1682664240
547,morant bay,17.8815,-76.4093,26.79,83,100,2.54,JM,1682664240
548,collingwood,44.4834,-80.2164,6.03,81,59,0.51,CA,1682664165
549,halifax,44.6453,-63.5724,5.0,93,100,4.12,CA,1682664002
550,palembang,-2.9167,104.7458,33.05,62,75,1.54,ID,1682664241
551,carinhanha,-14.3047,-43.765,21.52,53,0,0.22,BR,1682664241
552,mabaruma,8.2,-59.7833,22.13,100,95,0.64,GY,1682664242
553,fulton,33.7668,-84.4499,16.07,90,100,0.0,US,1682664243
554,bikenibeu village,1.3673,173.1241,29.98,74,20,3.6,KI,1682664243
555,xilin hot,43.9667,116.0333,10.32,20,100,4.17,CN,1682664244
556,san carlos de bariloche,-41.1456,-71.3082,9.86,76,75,2.06,AR,1682663977
557,middelburg,-25.7751,29.4648,21.83,46,0,1.78,ZA,1682664244
558,leava,-14.3,-178.1667,28.54,73,51,3.77,WF,1682664245
559,oroshaza,46.5667,20.6667,11.08,64,13,1.9,HU,1682664245
560,mabini,15.6,120.9833,36.13,33,6,4.21,PH,1682664245
561,mamadysh,55.7152,51.408,16.6,56,4,3.64,RU,1682664246
562,richards bay,-28.783,32.0377,23.85,76,100,6.08,ZA,1682664247
563,pitkyaranta,61.5734,31.4792,2.25,98,100,4.69,RU,1682664247
564,sfax,34.7406,10.7603,20.08,64,0,1.03,TN,1682664248
565,saint-francois,46.4154,3.9054,13.71,88,75,1.03,FR,1682664248
566,nuevitas,21.5453,-77.2644,23.61,81,100,2.72,CU,1682664248
567,naze,28.3667,129.4833,22.51,76,100,4.7,JP,1682664249
568,mahenge,-8.6833,36.7167,21.55,64,69,1.81,TZ,1682664249
569,harnai,30.1005,67.9374,28.13,25,84,2.89,PK,1682664250
570,suamico,44.6319,-88.0393,9.31,64,0,0.0,US,1682664250
571,krasnaya gorbatka,55.8703,41.7641,18.14,57,21,4.03,RU,1682664251
572,gabu,12.2833,-14.2167,21.97,70,59,1.93,GW,1682664251
573,wuzhou,23.4833,111.3167,28.82,69,61,2.47,CN,1682664252
574,muisne,0.6,-80.0333,24.64,92,100,1.17,EC,1682664252
575,skovorodino,53.9833,123.9167,8.13,40,100,1.83,RU,1682664252
576,kone,-21.0595,164.8658,21.86,83,44,2.67,NC,1682664253
